COUNTRY,YEAR,NOIP,GNIPC
Czechia,1995,-679.3056633,13850
Czechia,1996,-784.1880342,14560
Czechia,1997,-844.9416342,14690
Czechia,1998,-1322.06527,14840
Czechia,1999,-1644.13228,15210
Czechia,2000,-2042.199863,16020
Czechia,2001,-2536.747459,17210
Czechia,2002,-3632.776638,17690
Czechia,2003,-4195.823983,18950
Czechia,2004,-5213.819316,20000
Czechia,2005,-5549.805447,21090
Czechia,2006,-7260.941291,22430
Czechia,2007,-10045.56007,24570
Czechia,2008,-9697.725959,26230
Czechia,2009,-10653.68007,25800
Czechia,2010,-10854.45336,25970
Czechia,2011,-10228.18216,26910
Czechia,2012,-11337.67964,27640
Czechia,2013,-10794.21558,29110
Czechia,2014,-9820.005705,30570
Czechia,2015,-9315.564424,31590
Czechia,2016,-9725.503228,33740
Czechia,2017,-11728.48876,36850
Czechia,2018,-11680.91762,39260
Czechia,2019,-11956.32402,42790
Czechia,2020,-13645.21327,42530
Czechia,2021,-13768.49302,46400
Czechia,2022,-13635.5289,50790
Estonia,1995,-417.7563661,6270
Estonia,1996,-497.5609756,6810
Estonia,1997,-663.617171,7600
Estonia,1998,-1150.956768,8210
Estonia,1999,-1555.555556,8190
Estonia,2000,-1707.945598,9070
Estonia,2001,-1951.729107,9810
Estonia,2002,-2577.229877,11050
Estonia,2003,-4364.697301,12370
Estonia,2004,-6330.154072,13720
Estonia,2005,-6863.468635,15870
Estonia,2006,-6429.101707,18270
Estonia,2007,-7250.559284,20480
Estonia,2008,-6734.48018,21610
Estonia,2009,-7175.280899,19860
Estonia,2010,-7517.655898,20450
Estonia,2011,-8700.075358,23400
Estonia,2012,-9728.647014,25160
Estonia,2013,-11345.22003,27170
Estonia,2014,-11140.03044,28610
Estonia,2015,-9763.498099,29080
Estonia,2016,-10085.86626,31280
Estonia,2017,-12217.16021,33710
Estonia,2018,-12860.81694,36370
Estonia,2019,-13513.18764,39800
Estonia,2020,-17127.81955,40090
Estonia,2021,-17504.5045,43220
Estonia,2022,-16465.18519,47080
Hungary,1995,-1068.100358,8820
Hungary,1996,-1263.54106,8950
Hungary,1997,-1685.086098,9250
Hungary,1998,-1945.864222,9780
Hungary,1999,-2185.518591,10190
Hungary,2000,-2118.535963,11190
Hungary,2001,-2513.327432,12460
Hungary,2002,-3265.141053,13720
Hungary,2003,-4282.71837,14610
Hungary,2004,-5322.625421,15270
Hungary,2005,-5120.703358,16030
Hungary,2006,-6500.995025,17230
Hungary,2007,-7450.568069,17650
Hungary,2008,-6735.649396,19360
Hungary,2009,-7726.227377,19810
Hungary,2010,-6825.43341,20690
Hungary,2011,-6082.135317,21920
Hungary,2012,-6670.767369,22270
Hungary,2013,-6991.910203,23910
Hungary,2014,-5961.776336,24670
Hungary,2015,-4915.641834,25670
Hungary,2016,-5601.263887,27460
Hungary,2017,-6095.340282,28570
Hungary,2018,-6048.49601,31050
Hungary,2019,-5958.137155,34780
Hungary,2020,-6380.654426,34810
Hungary,2021,-6408.117017,37740
Hungary,2022,-6452.085915,43020
Latvia,1995,-154.465004,5430
Latvia,1996,-295.7689178,5730
Latvia,1997,-431.1549527,6410
Latvia,1998,-529.4605809,6970
Latvia,1999,-649.1007946,7190
Latvia,2000,-706.0810811,7840
Latvia,2001,-783.1479897,8830
Latvia,2002,-1032.453483,9590
Latvia,2003,-1342.944517,10140
Latvia,2004,-1895.318021,11080
Latvia,2005,-2064.732143,12690
Latvia,2006,-3168.995043,13810
Latvia,2007,-4567.014993,15740
Latvia,2008,-4718.089991,17210
Latvia,2009,-4960.784314,16660
Latvia,2010,-4736.892278,16540
Latvia,2011,-5417.475728,17660
Latvia,2012,-6080.589681,19280
Latvia,2013,-7105.812221,20430
Latvia,2014,-6682.547643,21580
Latvia,2015,-6519.211325,22430
Latvia,2016,-6321.428571,24030
Latvia,2017,-7942.35718,25690
Latvia,2018,-7890.560166,29330
Latvia,2019,-8288.92372,31740
Latvia,2020,-9497.106786,32760
Latvia,2021,-9547.720042,36220
Latvia,2022,-9825.624668,39830
Lithuania,1995,-96.77419355,6010
Lithuania,1996,-193.6111111,6410
Lithuania,1997,-284.075007,7030
Lithuania,1998,-453.4949267,7670
Lithuania,1999,-578.2003974,7730
Lithuania,2000,-658.5714286,8320
Lithuania,2001,-753.5272099,9270
Lithuania,2002,-1138.501742,10190
Lithuania,2003,-1417.27672,11370
Lithuania,2004,-1815.812852,12310
Lithuania,2005,-2322.998194,13720
Lithuania,2006,-3222.629969,15210
Lithuania,2007,-4356.855463,17270
Lithuania,2008,-3490.306442,18800
Lithuania,2009,-3788.491938,17440
Lithuania,2010,-4134.280181,18600
Lithuania,2011,-4246.616045,20920
Lithuania,2012,-4627.844712,22550
Lithuania,2013,-5227.180527,24350
Lithuania,2014,-4396.522332,25970
Lithuania,2015,-4155.884377,25990
Lithuania,2016,-4242.244685,27690
Lithuania,2017,-5401.55532,30190
Lithuania,2018,-5198.429693,35390
Lithuania,2019,-5700.536673,39310
Lithuania,2020,-6856.223176,40160
Lithuania,2021,-7372.226199,44360
Lithuania,2022,-8427.760028,48650
Poland,1995,-190.3818585,7680
Poland,1996,-279.6736098,8290
Poland,1997,-362.7047043,8940
Poland,1998,-555.6541251,9490
Poland,1999,-654.2781028,10030
Poland,2000,-868.0276021,10670
Poland,2001,-1048.186786,11120
Poland,2002,-1225.849486,11750
Poland,2003,-1458.695425,12190
Poland,2004,-2185.181304,12990
Poland,2005,-2218.261463,13660
Poland,2006,-2925.849071,14810
Poland,2007,-4131.799053,16260
Poland,2008,-3690.177913,17990
Poland,2009,-4102.28409,18700
Poland,2010,-4493.266833,20290
Poland,2011,-3991.651182,22000
Poland,2012,-4760.562644,22830
Poland,2013,-5406.597141,23540
Poland,2014,-4948.28172,24480
Poland,2015,-4229.315842,25970
Poland,2016,-4292.136006,27250
Poland,2017,-5584.289635,28890
Poland,2018,-5502.31427,30980
Poland,2019,-5834.876785,34400
Poland,2020,-6191.978203,35720
Poland,2021,-6638.038906,39260
Poland,2022,-6480.617934,44940
Slovakia,1995,-216.2868883,8860
Slovakia,1996,-347.4449832,9570
Slovakia,1997,-344.320298,10160
Slovakia,1998,-667.9069767,10690
Slovakia,1999,-755.1134251,10680
Slovakia,2000,-1192.379182,11320
Slovakia,2001,-1377.021751,12370
Slovakia,2002,-2171.625139,13260
Slovakia,2003,-3837.239583,13400
Slovakia,2004,-5041.108631,14580
Slovakia,2005,-5365.073461,16150
Slovakia,2006,-6889.901432,18380
Slovakia,2007,-8486.516645,20640
Slovakia,2008,-8826.175869,23290
Slovakia,2009,-9170.84494,22950
Slovakia,2010,-8692.692878,24840
Slovakia,2011,-8884.40163,25290
Slovakia,2012,-9317.113784,26550
Slovakia,2013,-9831.977819,27850
Slovakia,2014,-8665.004617,28770
Slovakia,2015,-8035.424354,29400
Slovakia,2016,-8284.871937,29080
Slovakia,2017,-10102.83297,29690
Slovakia,2018,-10154.32666,31000
Slovakia,2019,-10249.67896,33160
Slovakia,2020,-10777.26856,35000
Slovakia,2021,-10024.25133,37220
Slovakia,2022,-9910.652293,40360
Slovenia,1995,-656.9416499,13710
Slovenia,1996,-782.5868143,14320
Slovenia,1997,-881.0483871,15250
Slovenia,1998,-1076.767677,15970
Slovenia,1999,-1039.374054,16990
Slovenia,2000,-813.7896326,17850
Slovenia,2001,-771.8592965,18750
Slovenia,2002,-1236.947791,19830
Slovenia,2003,-1899.096386,20690
Slovenia,2004,-2103.30993,22270
Slovenia,2005,-1892.839259,23460
Slovenia,2006,-2165.751373,25250
Slovenia,2007,-1711.519364,26830
Slovenia,2008,-1726.91358,28690
Slovenia,2009,-1192.043222,26770
Slovenia,2010,-1232.273839,27210
Slovenia,2011,-1787.701318,28320
Slovenia,2012,-2274.23283,28340
Slovenia,2013,-2493.677043,29240
Slovenia,2014,-2871.234208,30300
Slovenia,2015,-3225.728155,30390
Slovenia,2016,-3697.234352,32800
Slovenia,2017,-4645.489816,35640
Slovenia,2018,-5061.865636,38180
Slovenia,2019,-5036.485838,41860
Slovenia,2020,-5631.779258,41690
Slovenia,2021,-5848.083294,45510
Slovenia,2022,-5890.780142,51460
Belarus,1995,13.33725606,3830
Belarus,1996,3.049980323,4030
Belarus,1997,-39.91306066,4570
Belarus,1998,-109.2153556,5030
Belarus,1999,-112.7602351,5340
Belarus,2000,-128.3154839,5770
Belarus,2001,-138.5590662,6220
Belarus,2002,-166.3121645,6680
Belarus,2003,-193.1041518,7370
Belarus,2004,-210.4776579,8480
Belarus,2005,-245.0351676,9650
Belarus,2006,-282.5770192,10960
Belarus,2007,-463.9757398,12210
Belarus,2008,-693.7768916,13710
Belarus,2009,-882.7179973,13730
Belarus,2010,-1021.915499,15030
Belarus,2011,-1340.96907,16380
Belarus,2012,-1491.598859,17710
Belarus,2013,-1684.805579,18350
Belarus,2014,-1805.552623,18470
Belarus,2015,-1820.280384,17360
Belarus,2016,-1879.250447,16990
Belarus,2017,-1184.288121,17720
Belarus,2018,-1225.527426,19300
Belarus,2019,-1375.410705,21640
Belarus,2020,-1315.36734,23860
Belarus,2021,-1512.917522,26600
Belarus,2022,-1558.595879,27230
Bulgaria,1995,-40.67958842,7570
Bulgaria,1996,-57.65287661,6630
Bulgaria,1997,-119.8734331,5570
Bulgaria,1998,-187.0238388,6060
Bulgaria,1999,-262.1792488,5730
Bulgaria,2000,-329.583802,6270
Bulgaria,2001,-367.1796165,6970
Bulgaria,2002,-518.6975324,7950
Bulgaria,2003,-809.7129677,8550
Bulgaria,2004,-1325.719447670667,9310
Bulgaria,2005,-1786.224821,10320
Bulgaria,2006,-3014.397906,11120
Bulgaria,2007,-4892.974825,11890
Bulgaria,2008,-5654.856688,13660
Bulgaria,2009,-6387.019231,13730
Bulgaria,2010,-5698.70933,14550
Bulgaria,2011,-5800,15140
Bulgaria,2012,-6204.592046,15920
Bulgaria,2013,-6439.917412,16260
Bulgaria,2014,-6036.688357,17640
Bulgaria,2015,-5806.352744,18070
Bulgaria,2016,-5721.622001,19700
Bulgaria,2017,-6821.226682,21300
Bulgaria,2018,-6802.562278,23130
Bulgaria,2019,-7010.035842,25930
Bulgaria,2020,-7823.190078,26360
Bulgaria,2021,-7506.907082,29720
Bulgaria,2022,-7345.297392,34350
Croatia,1995,44.814895,8030
Croatia,1996,-56.99254713,8690
Croatia,1997,-271.254162,9510
Croatia,1998,-210.0764732,9870
Croatia,1999,-384.4049248,9730
Croatia,2000,-423.7170596,10490
Croatia,2001,-593.5828877,11410
Croatia,2002,-858.3372039,12560
Croatia,2003,-1262.131414,13250
Croatia,2004,-2103.712297,14440
Croatia,2005,-2647.658785,15090
Croatia,2006,-5132.298424,17180
Croatia,2007,-9267.145505,19120
Croatia,2008,-5803.939745,20370
Croatia,2009,-6746.694502,19610
Croatia,2010,-6974.657056,19450
Croatia,2011,-6158.607802,20570
Croatia,2012,-6523.127495,20930
Croatia,2013,-6632.956153,22010
Croatia,2014,-6317.373785,22390
Croatia,2015,-5327.91587,23690
Croatia,2016,-5919.003868,25340
Croatia,2017,-7414.562393,27800
Croatia,2018,-7373.664596,29470
Croatia,2019,-8459.357752,32890
Croatia,2020,-8888.720283,31970
Croatia,2021,-9165.350318,36690
Croatia,2022,-9307.908881,41960
Romania,1995,-30.89416542,5390
Romania,1996,-43.34131843,5700
Romania,1997,-102.2220239,5510
Romania,1998,-197.0832398,5480
Romania,1999,-249.4811874,5530
Romania,2000,-309.2170915,5810
Romania,2001,-375.1368613,6480
Romania,2002,-353.743684,7090
Romania,2003,-555.4577872,7380
Romania,2004,-944.4470401,8610
Romania,2005,-1186.536558,9320
Romania,2006,-2074.396273,11170
Romania,2007,-2893.105266,13260
Romania,2008,-3055.359815,16410
Romania,2009,-3317.247412,16430
Romania,2010,-3248.27485,17270
Romania,2011,-3327.778326,18710
Romania,2012,-3690.19744,19620
Romania,2013,-4125.953247,19390
Romania,2014,-3753.605769,20540
Romania,2015,-3501.937497,21400
Romania,2016,-3731.70855,23580
Romania,2017,-4581.746153,26560
Romania,2018,-4670.068374,28950
Romania,2019,-4962.465388,33080
Romania,2020,-5591.945132,33820
Romania,2021,-5657.470906,36870
Romania,2022,-5709.135493,40710
Ukraine,1995,-15.73568691,4080
Ukraine,1996,-26.17811268,3760
Ukraine,1997,-38.11999134,3750
Ukraine,1998,-53.65224295,3720
Ukraine,1999,-63.01024492,3760
Ukraine,2000,-74.76239482,3960
Ukraine,2001,-94.58936608,4510
Ukraine,2002,-118.741911,4870
Ukraine,2003,-153.161544,5490
Ukraine,2004,-196.0817007,6370
Ukraine,2005,-351.8051528,6820
Ukraine,2006,-481.8418325,7550
Ukraine,2007,-679.5571893,8500
Ukraine,2008,-854.1831308,8840
Ukraine,2009,-846.8599863,7550
Ukraine,2010,-997.1586017,8140
Ukraine,2011,-1124.535717,8680
Ukraine,2012,-1242.350141,9450
Ukraine,2013,-1283.543261,10740
Ukraine,2014,-919.0594275,10370
Ukraine,2015,-992.2245277,10340
Ukraine,2016,-1033.934717,10980
Ukraine,2017,-1034.884233,11700
Ukraine,2018,-1024.24296,12680
Ukraine,2019,-1167.048513,14390
Ukraine,2020,-1145.568487,15880
Ukraine,2021,-1490.8011467527485,17330
Ukraine,2022,-1263.2220029720577,15540
